نام جدول,نام کلید اصلی,تعداد ردیف قبل,تعداد کلیدهای تکراری قبل,تعداد ردیف حذف‌شده,تعداد ردیف بعد,تعداد کلیدهای تکراری بعد,روش اصلاح
Customers,CustomerID,93,2,2,91,0,برای کلیدهای تکراری، ردیف با Missing کمتر نگه داشته شد؛ در تساوی اولین ردیف حفظ شد
Orders,OrderID,835,5,5,830,0,برای کلیدهای تکراری، ردیف با Missing کمتر نگه داشته شد؛ در تساوی اولین ردیف حفظ شد
Products,ProductID,78,1,1,77,0,برای کلیدهای تکراری، ردیف با Missing کمتر نگه داشته شد؛ در تساوی اولین ردیف حفظ شد
Employees,EmployeeID,10,0,0,10,0,نیاز به اصلاح نداشت
Suppliers,SupplierID,31,2,2,29,0,برای کلیدهای تکراری، ردیف با Missing کمتر نگه داشته شد؛ در تساوی اولین ردیف حفظ شد
Categories,CategoryID,8,0,0,8,0,نیاز به اصلاح نداشت
Shippers,ShipperID,3,0,0,3,0,نیاز به اصلاح نداشت
Region,RegionID,4,0,0,4,0,نیاز به اصلاح نداشت
Territories,TerritoryID,57,2,2,55,0,برای کلیدهای تکراری، ردیف با Missing کمتر نگه داشته شد؛ در تساوی اولین ردیف حفظ شد
